"newstudents","money","institute_id","instituteeiinno","institute_name"
7,5040,3014,"110906","BACHAMARA  BAGHATIA CHARKATARY  COLLEGE"
8,5760,3420,"106062","HYDRABAD BEGUM JAHANARA HOQUE DEGREE COLLEGE"
3,2160,8666,"121921","BAGUNGRAM CHASMA-E ULUM FAZIL MADRASAH"
2,1440,9785,"114869","SHAILDAH BAKPUR KARAMOTIA FAZIL MADRASAH"
1,720,9738,"105229","SAHEBABAD ISLAMIA FAZIL MADRASAH"
2,1440,9441,"108843","MAKRAIL SALEHA FAZIL MADRASAH"
6,4320,9020,"103624","FARIDGONJ MAZIDIA KAMIL MADRASAH"
1,720,9089,"122416","GOLERHAT FAZIL MADRASAH"
3,2160,9100,"107623","GORAPUR FAZIL MADRASAH"
16,11520,3680,"102598","MOWKARAN B.L.P DEGREE COLLEGE"
6,4320,217157,"104688","UTTAR KATTALI AL-HAZ MUSTAFA HAKIM COLLEGE"
3,2160,3808,"117896","PORADAH COLLEGE"
6,4320,9803,"105234","SHIDLAI DARUL ISLAM FAZIL MADRASAH"
1,720,9683,"114870","RAHMATPUR FAZIL MADRASAH"
3,2160,8904,"115693","CHOUGACHA KAMIL MADRASAH"
1,720,9689,"112045","RAJAPUR FAZIL MADRASAH"
2,1440,9230,"119376","JORKHALI FAZIL MADRASAH"
3,2160,9156,"130438","HAZRAT SHAHJALAL DARUSSUNNAH YAQUBIA KAMIL MADRASAH"
1,720,3004,"126843","ATRAI AGRANI DEGREE COLLEGE"
1,720,3042,"107358","BAMONI COLLEGE"
5,3600,3111,"124316","BIL HALTI TRIMOHONI DEGREE COLLEGE"
2,1440,3487,"114953","KACHUA COLLEGE"
2,1440,78181,"125452","Chhaikola College"
4,2880,8645,"120783","ATOR MUHAMMADIA FAZIL MADRASAH"
5,3600,8834,"115011","CHALNA BANDAR FAZIL MADRASAH"
1,720,8854,"108929","CHAR BANDARKHOLA FAZIL MADRASAH"
13,9360,9499,"127271","MOUBHASHA FAZIL MADRASAH"
6,4320,9406,"102876","LEBUJIL BUNIA ISLAMIA FAZIL MADRASAH"
6,4320,8950,"102774","DEBIPUR ISLAMIA FAZIL MADRASAH"
3,2160,9171,"130523","ISAMATI DARUL ULUM KAMIL MADRASAH"
4,2880,3745,"115331","NIGAR SIDDIK COLLEGE"
2,1440,3891,"113528","SAHEED SIRAJ SIKDER COLLEGE"
18,12960,3988,"124978","SHIMULBARI BANGABANDHU DEGREE COLLEGE"
12,8640,35697,"105254","Mosharrof Hossain Khan Chowdhury Degree College"
7,5040,8653,"106211","BADARKHALI M. S. FAZIL MADRASAH"
4,2880,9787,"126821","SHAKOWA BAKSHOIL KAMIL MADRASAH"
1,720,9588,"126574","OMARGARI DARUL KHAIR FAZIL MADRASAH"
1,720,9064,"100070","GAZIPUR FAZIL MADRASAH"
1,720,9192,"116242","JAL JHARA SIDDIQUIYA FAZIL MADRASAH"
1,720,9202,"107349","JAMIA SHARAFATIA ISLAMIA FAZIL MADRASAH"
1,720,9209,"114427","JATABARI FAZIL MADRASAH"
1,720,3584,"128769","LAHIRI DEGREE COLLEGE"
23,16560,3624,"102889","MATIBHANGA DEGREE COLLEGE"
21,15120,248529,"109991","Nandina Sk. Anower Hossain College"
5,3600,3961,"126149","SHAHID ZIAUR RAHMAN MOHABIDDAYALAYA"
1,720,4076,"126580","YOUSUFPUR COLLEGE"
16,11520,35351,"125864","Mirza Golam Hafiz College"
3,2160,33669,"120601","Joynanda Degree College"
7,5040,9730,"129243","RUHEA SALEHEA DARUSSUNNAT FAZIL MADRASAH"
3,2160,9537,"119382","NANGLU M. K. M. FAZIL MADRASAH"
2,1440,8965,"102769","DHANISAFA SALEHIA FAZIL MADRASAH"
5,3600,9172,"128101","ISLAM NAGOR DARUS SUNNAT FAZIL MADRASAH"
21,15120,9219,"116527","JHENAIDAH SIDDIQUIYA KAMIL MADRASAH"
7,5040,3394,"107463","HATIYA DEGREE COLLEGE"
42,30240,57538,"101208","Naziur Rahman College"
2,1440,35407,"105696","Ramkrishnapur College"
1,720,8791,"120900","BOALMARI KANCHDAH FAZIL MADRASAH"
3,2160,9869,"107448","TAMARUDDIN AHMADIA FAZIL MADRASAH"
13,9360,9647,"102945","PIROJPUR FAZIL MADRASAH"
1,720,9618,"103983","PARANPUR FAZIL MADRASAH"
3,2160,9507,"119993","MUKUNDAPUR FAZIL MADRASAH"
1,720,9098,"114250","GOPALPUR DARUL UL.KAMIL MADRASAH"
2,1440,3045,"107660","BANDHER HAT A. M. COLLEGE"
4,2880,3395,"102600","HAZI  MOKTER  ALI  MRIDHA  DEGREE  COLLEGE"
2,1440,3417,"112371","HOSSAIN PUR S.P.UNION DEGREE COLLEGE"
7,5040,3955,"118911","SHAHID SMRITI DEGREE COLLEGE"
4,2880,8672,"112046","BAKCHANDA FAZIL MADRASAH"
7,5040,9828,"106028","SONAKANDA DARUL HUDA KAMIL MADRASAH"
1,720,8901,"121279","CHOTO NARICHAGARI HAMMADIA FAZIL MADRASAH"
3,2160,8923,"106540","DARBESHER HAT FAZIL MADRASAH"
1,720,9517,"113181","N. AKAND KAMIL MADRASAH"
1,720,3235,"125741","DHULAURI DEGREE COLLEGE"
4,2880,3758,"105956","NURUL AMIN MAZUMDER DEGREE COLLEGE"
10,7200,101548,"112068","KHURRAM KHAN CHOWDHURY DEGREE COLLEGE"
1,720,8659,"119520","BAGBARI SHAMSUL ULUM FAZIL MADRASAH"
2,1440,9913,"130529","ZAKIGONJ FAZIL MADRASAH"
10,7200,8844,"101609","CHANDPUR ISLAMIA FAZIL MADRASAH"
1,720,9719,"109959","RASHIDPUR N. U. FAZIL MADRASAH"
3,2160,9590,"103549","OSMANIA FAZIL MADRASAH"
1,720,9383,"113890","KUMRI TEGHORIA FAZIL MADRASAH"
2,1440,9364,"112934","KOILATI F. U. FAZIL MADRASAH"
3,2160,9252,"113955","KAKILAKURA FAZIL MADRASAH"
5,3600,3001,"125745","ATAIKULA MADHPUR AMENA KHATUN DEGREE COLLEGE"
3,2160,3102,"117498","BHERAMARA ADARSHA DEGREE COLLEGE"
3,2160,3139,"116924","CHALNA MOBARAK MEMORIAL COLLEGE"
5,3600,1139241,"127487","Maolana keramat ali college "
5,3600,3804,"119910","PIROB UNITED DEGREE COLLEGE"
2,1440,8809,"127342","BORUAHAT KARAMATIA FAZIL MADRASAH"
6,4320,3177,"128112","CHOWBARI DR. SALAM JAHANARA COLLEGE"
1,720,3319,"115225","GILATALA  ABUL KALAM COLLEGE"
1,720,258288,"118904","JHAUDANGA COLLEGE"
6,4320,3697,"111914","MYMENSINGH COLLEGE"
2,1440,8620,"121034","AMBARI FAZIL MADRASAH"
9,6480,8660,"114809","BAGERHAT KAMIL MADRASAH"
26,18720,9783,"103545","SHAHTALI KAMIL MADRASAH"
1,720,9740,"116808","SAILKUPA FAZIL MADRASAH"
2,1440,9090,"124946","GOLMUNDA FAZIL MADRASAH"
5,3600,9166,"113888","IDRISIA KAMIL MADRASAH"
12,8640,3165,"119715","CHHAIHATA DEGREE COLLEGE"
3,2160,3737,"120941","NAWABGANJ DEGREE COLLEGE"
1,720,4093,"100424","FARIDGANJ BAHUMUKHI FAZIL  MADRASAH"
1,720,8773,"113750","BIBIR CHAR RAHMANIA FAZIL MADRASAH"
5,3600,8803,"129573","BORO LEKHA MOHMMADIA FAZIL MADRASAH"
1,720,8864,"100996","CHAR LAKSHMIPUR FAZIL MADRASAH"
70,50400,8899,"106208","CHOKORIA ANWARUL ULUM KAMIL MADRASAH"
5,3600,9640,"120527","PAUSHGARA FAZIL MADRASAH"
1,720,9520,"124467","NACHOL BAGUM MOHSIN FAZIL MADRASAH"
3,2160,8988,"120787","DINAJPUR NURJAHAN KAMIL MADRASHA"
3,2160,9320,"101932","KEOTA GHIGRA FAZIL MADRASAH"
1,720,3641,"124979","MIRGONJ HAT COLLEGE"
1,720,71665,"124113","Mohar Kaya College"
18,12960,4062,"109999","TULSHI PUR COLLEGE"
5,3600,8602,"105387","AL AMIN ISLAMIA KAMIL MADRASAH"
1,720,8739,"127272","BETGARI EKRAMIA FAZIL MADRASAH"
7,5040,9700,"113806","RAJNAGAR RAHMANIA FAZIL MADRASAH"
2,1440,8919,"104579","DAKKHIN SUKHCHHARI A. K. SHAH A. H. U. FAZIL MADRASAH"
7,5040,9603,"127274","PAKURIA SHARIF KACHIMIA (RH:) FAZIL MADRASAH"
3,2160,9438,"119645","MAJHGRAM FAZIL MADRASAH"
2,1440,9267,"118582","KALIMAKHALI AZIZIA SIDDIKIA FAZIL MADRASAH"
1,720,9084,"104916","GOHIRA F. K. JEMEUL ULUM KAMIL MADRASAH"
1,720,9118,"114253","HADIRA ISLAMIA FAZIL MADRASAH"
1,720,9223,"123378","JOANPUR SIDDIQUIYA FAZIL MADRASAH"
3,2160,3067,"109111","BARAI BARI ADARSHA  COLLEGE"
16,11520,3249,"110000","DR ABDUL MAZID TALLUKDER COLLEGE"
2,1440,3778,"114457","PANCHPOTOL DEGREE COLLEGE"
1,720,9867,"103310","TALSHAHAR KARIMIA FAZIL MADRASAH"
2,1440,8922,"129248","DANARHAT ANSARIAH FAZIL MADRASAH"
3,2160,9657,"118579","PROTAPNAGAR A. B. S. FAZIL MADRASAH"
2,1440,8947,"115611","DAYARAMPUR SIDDIQUIYA FAZIL MADRASAH"
4,2880,9088,"126126","GOLEHA HAT FAZIL MADRASAH"
7,5040,2988,"126150","AMLAHER DEGREE COLLAGE"
2,1440,3285,"127140","FAZAR ALI MOLLA DEGREE COLLEGE"
1,720,3449,"124349","JAMBARIA  DGREE COLLEGE"
5,3600,3463,"109992","JHAWLA GOPALPUR COLLEGE"
10,7200,3483,"122455","KACHAKATA DEGREE COLLEGE"
7,5040,3739,"118002","NAZIR AHAMAD COLLEGE"
7,5040,3790,"123026","PATGRAM ADARSHA DEGREE COLLEGE"
1,720,8581,"115888","A. B. G. K. FAZIL MADRASAH"
2,1440,8633,"125620","ARIFPUR JAMEUL ULUM SIDDIQUIYA FAZIL MADRASAH"
29,20880,35617,"106068","Badiul Alam College"
4,2880,9608,"126124","PANCHAGARH NURUN ALA NUR KAMIL MADRASAH"
4,2880,8949,"101608","DEBIPUR ISLAMIA FAZIL MADRASAH"
1,720,8964,"112253","DHANIKHOLA ZAIYARPAR FAZIL MADRASAH"
2,1440,8984,"113705","DIGHIRPAR FAZIL MADRASAH"
6,4320,3252,"119952","DR. ENAMUL HAQUE COLLEGE"
2,1440,3333,"124114","GOPALPUR DEGREE COLLEGE"
3,2160,8582,"129044","ABAD TAKIA MOHAMMADIA KAMIL MADRASAH"
1,720,40112,"106747","Baktar Munshi Sheikh Shahidul Islam College"
4,2880,9572,"107618","NOAKHALI KARAMATIA KAMIL MADRASAH"
2,1440,9372,"116665","KOTCHANDPUR KAMIL MADRASAH"
2,1440,9312,"111891","KATLASEN KADERIA KAMIL MADRASAH"
3,2160,2973,"113719","ALHAJ SHAFIUDDIN AHMED COLLEGE"
22,15840,3243,"124824","DIMLA  ISLAMIA DEGREE  COLLEGE"
3,2160,9877,"127971","TARAGANJ FAZIL MADRASAH"
1,720,9405,"113569","LAXMIPUR DHALIR HAT FAZIL MADRASAH"
9,6480,9322,"115884","KESHABPUR DARUL ULUM MOHILA FAZIL MADRASAH"
2,1440,9027,"110414","FEKAH MARA FAZIL MADRASAH"
21,15120,3103,"122454","BHITARBANDA DEGREE COLLEGE"
1,720,3629,"105519","MEAH BAZAR COLLEGE"
4,2880,3805,"127017","POCHAMARIA DEGREE COLLEGE"
1,720,102273,"103572","FARAKKABAD DEGREE COLLEGE"
1,720,8775,"107092","BIGHA AHMADIA FAZIL MADRASAH"
1,720,9911,"104182","ZAFRABAD FAZIL MADRASAH"
1,720,8802,"113568","BORO KALINAGAR FAZIL MADRASAH"
5,3600,9023,"113969","FATEHPUR SAHEB FATEH MAHAMUD KHANUM FAZIL MADRASAH"
1,720,9258,"112528","KALADI SAHAJUDDIN JAMEYA ISLAMIA FAZIL MADRASAH"
6,4320,9138,"104187","HASHIMPUR MAQBULIA FAZIL MADRASAH"
4,2880,3078,"132011","BARRISTER JAMIR UDDIN SARKAR INSTITUTE (DEGREE)"
2,1440,3306,"103675","GALLAK ADARSHA COLLEGE"
1,720,8701,"122038","BANSHKHUR FAZIL MADRASAH"
4,2880,9847,"107454","SUKH CHAR AZHARUL ULUM FAZIL MADRASAH"
1,720,9707,"107085","RAMGANJ RABBANIA KAMIL MADRASAH"
2,1440,9695,"113471","RAJBARI SREEPUR LAZZATUN NESA KAMIL MADRASAH"
2,1440,9493,"106118","MONTALI RAHMANIA FAZIL MADRASAH"
1,720,9298,"107291","KARIHATI SALEMIA FAZIL MADRASAH"
1,720,3144,"125187","CHANDER HAT DEGREE COLLEGE"
1,720,3153,"122581","CHAR SHOULMARI COLLEGE"
6,4320,248641,"113919","Jamshed Ali Memorial (Degree) College"
1,720,34278,"122332","Majida Adarsha Degree College"
1,720,8827,"116250","CHAKLA FAZIL MADRASAH"
2,1440,9749,"109010","SALNA ISLAMIA FAZIL MADRASAH"
1,720,9718,"104912","RAOZAN DARUL ISLAM KAMIL MADRASAH"
1,720,9140,"107447","HATIAA RAHMANIA FAZIL MADRASAH"
1,720,9197,"104834","JAMEA NAIMIA TAYABIA FAZIL MADRASAH"
5,3600,2921,"115429","ABDUL WADOD SHAH DEGREE COLLEGE"
5,3600,3030,"127236","BAKSHIGANJ DEGREE COLLEGE"
13,9360,3040,"119951","BALUA HAT DEGRE COLLEGE"
9,6480,3436,"122582","JADUR CHAR MODEL DEGREE COLLEGE"
20,14400,3450,"128358","JAMIRATA DEGREE COLLEGE"
3,2160,3677,"128465","MOULANA BHASANI DEGREE COLLEGE"
10,7200,3810,"126761","PREMTALI DEGREE COLLEGE"
2,1440,3982,"117731","SHELAIDAH BISOWKABIRABINDRANATH TARGORE  COLLEGE"
4,2880,34337,"104466","Nazirhat College"
5,3600,8716,"107345","BASURHAT ISLAMIA FAZIL MADRASAH"
8,5760,9780,"126732","SHAH SULTAN (RH:) KAMIL MADRASAH"
7,5040,9028,"130251","FENCHUGANJ MOHAMMADIA KAMIL MADRASAH"
3,2160,3176,"105745","CHOWARA ADARSHA DEGREE COLLERE"
20,14400,3625,"126760","MATIKATA ADARSHA DEGREE COLLEGE"
4,2880,3997,"124826","TISTA DEGREE COLLEGE"
3,2160,9771,"105634","SAYEDPUR KAMIL MADRASAH"
9,6480,8960,"105630","DHAMPTI ISLAMIA KAMIL MADRASAH"
1,720,9289,"116810","KANCHER KOL ISLAMIA FAZIL MADRASAH"
5,3600,9105,"121791","GUDUMBA DARUSSUNNAH FAZIL MADRASAH"
1,720,3005,"123086","ATRAI WOMENS COLLEGE"
1,720,3387,"126935","HAT RAMCHANDRAPUR DEGREE COLLEGE"
2,1440,3903,"116309","SAMMILANI DEGREE COLLEGE"
8,5760,3987,"129313","SHIBGANJ DEGREE COLLEGE"
1,720,8625,"115090","AMTALI ISLAMIA KAMIL MADRASAH"
2,1440,8695,"112395","BANDAR ISLAMIA FAZIL MADRASAH"
3,2160,8815,"127609","BUJURG SANTOSHPUR KARAMATIA FAZIL MADRASAH"
2,1440,9840,"106694","SUBAR BAZAR ISLAMIA FAZIL MADRASAH"
1,720,9834,"110257","SORARCHAR ISLAMIA FAZIL MADRASAH"
1,720,9797,"129442","SHAYESTAGANJ KAMIL MADRASAH"
8,5760,9777,"120254","SETABGANJ KAMIL MADRASAH"
4,2880,9760,"107943","SARIFBAG ISLAMIA KAMIL MADRASAH"
1,720,9727,"112322","ROSULPUR OSMAN MOLLAH ISLAMIA FAZIL MADRASAH"
1,720,9601,"115527","PAIRA ISLAMIA FAZIL MADRASAH"
3,2160,9391,"128746","LAHIRI FAZIL MADRASAH"
1,720,9315,"105559","KAUADI FAZIL MADRASAH"
2,1440,9273,"128742","KALMEGH EIDGAH F. R FAZIL MADRASAH"
7,5040,3089,"121759","BELKA DEGREE COLLEGE"
7,5040,3668,"121057","MONMATHPUR IDEAL DEGREE COLLEGE"
3,2160,8640,"111472","ASIM PATULI FAZIL MADRASAH"
4,2880,9673,"125622","PUSHPA PARA KAMIL MADRASAH"
1,720,9630,"104255","PATENGA ISLAMIA FAZIL MADRASAH"
1,720,9510,"113601","MULFATGANJ AZIZIA FAZIL MADRASAH"
4,2880,9122,"128428","HAJEE AHMAD ALI ALIAH KAMIL MADARUL"
1,720,1506070,"128967","D. N DEGREE COLLEGE"
2,1440,3493,"126757","KAKAN HAT COLLEGE"
4,2880,8663,"115600","BAGHARPARA SIDDIQUIYA FAZIL MADRASAH"
1,720,8665,"113183","BAGRA FAZIL MADRASAH"
1,720,8687,"124093","BALITITA ISLAMPUR ASRAFUL ULUM FAZIL MADRASAH"
1,720,8717,"113474","BATHULIA BAROLAHURIA FAZIL MADRASAH"
1,720,8755,"102653","BHANDARIA SHAHABUDDIN FAZIL MADRASAH"
1,720,8782,"119992","BIRAMPUR CHANDPUR FAZIL MADRASAH"
2,1440,9395,"105907","LALCHANDPUR AZHARIA FAZIL MADRASAH"
1,720,9242,"107088","KACHUA AHMADIA FAZIL MADRASAH"
2,1440,9133,"101841","HARIKHALI DARUL-ULUM FAZIL MADRASAH"
1,720,9135,"127452","HARKOLI BAHUMUKHI FAZIL MADRASAH"
1,720,9143,"128942","HATPARA FAZIL MADRASAH"
1,720,9159,"102777","HOGOLPATI NESARIA FAZIL MADRASAH"
3,2160,2929,"119160","ADAMDIGHI RAHIM UDDIN DEGREE COLLEGE"
4,2880,220940,"130356","JAINTAPUR TAYOB ALI DEGREE COLLEGE"
15,10800,40214,"127357","Kaunia College"
1,720,8699,"121854","BANIAPARA KAMIL MADRASAH"
1,720,8819,"104452","BURISCHAR ZIAUL ULUM FAZIL MADRASAH"
1,720,8824,"104193","CHAGACHAR MUSAVIA NASIMIA FAZIL MADRASAH"
2,1440,8845,"103552","CHANDRA BAZAR NURIA FAZIL MADRASAH"
4,2880,8892,"124947","CHHIT MIRGANJ SHALONGRAM KAMIL MADRASAH"
3,2160,8902,"124808","CHOTOKHATA FAZIL MADRASAH"
8,5760,9350,"102370","KHEPUPARA NESARUDDIN FAZIL MADRASAH"
1,720,9010,"102373","EAQUB ALI TALUKDAR ISLAMIA FAZIL MADRASAH"
1,720,9014,"111464","ENAYETPUR FAZIL MADRASAH"
1,720,9016,"123388","ENAYETPUR WAJEDIA FAZIL MADRASAH"
6,4320,3278,"106065","FARID UDDIN SARKER DEGREE COLLEGE"
5,3600,59510,"109322","Bangataj College"
1,720,51572,"111199","Ali Asgar And Abdullah Degree College"
8,5760,8604,"102644","AL GAJJALI ISLAMIA KAMIL MADRASAH"
1,720,34679,"104537","Pahartali College"
9,6480,9429,"117972","MAGURA SIDDIKIA KAMIL MADRASAH"
2,1440,9430,"122039","MAHABBATPUR AMINIA FAZIL MADRASAH"
2,1440,9450,"121406","MARIRHAT FAZIL MADRASAH"
5,3600,9035,"120793","FULBON FAZIL MADRASAH"
1,720,9054,"109388","GARARON KHALILIA FAZIL MADRASAH"
11,7920,9061,"103546","GAZIPUR DARUSSUNNAT NESARIA FAZIL DIGRI MADRASHA"
3,2160,3257,"118796","DRM UNITED IDEAL COLLEGE"
1,720,3368,"110152","HABIBUR RAHMAN COLLEGE(M.PUR)"
3,2160,3488,"106993","KAFIL UDDIN DEGREE COLLEGE"
3,2160,3503,"102109","KALISHURI DEGREE COLLEGE"
3,2160,3548,"114524","KHALILUR RAHMAN COLLEGE"
2,1440,3582,"117811","KUSHTIA ADARSHA DEGREE COLLEGE"
4,2880,3716,"107415","NANDIA PARA BIR SHRESTHA SHAHID MD.RUHUL AMIN DEGREE COLLAGE"
4,2880,3890,"117892","SAGARKHALY IDEAL COLLEGE"
2,1440,76945,"125792","Salim Reza Habib College"
5,3600,9759,"119699","SARIAKANDI FAZIL MADRASAH"
2,1440,9688,"106439","RAJAPALONG EMDADUL ULUM FAZIL MADRASAH"
1,720,9494,"113475","MORDANGA SEKANDARIA FAZIL MADRASAH"
8,5760,9496,"112523","MORTUJABAD DARUL ULUM FAZIL MADRASAH"
6,4320,9485,"112931","MONASH K. B. FAZIL MADRASAH"
3,2160,9369,"119700","KORNIBARI FAZIL MADRASAH"
3,2160,3543,"102106","KESHABPUR  MAHAVIDYALAYA"
2,1440,3757,"121803","NURNAGAR UNITED DEGREE COLLEGE"
2,1440,3946,"119161","SHAHID AHSANUL HAQUE DEGREE COLLEGE"
3,2160,89514,"126485","Bangabandhu College"
1,720,3990,"126585","SHOLUA DEGREE COLLEGE"
1,720,3994,"119108","SHUVASHINI DEGREE COLLEGE"
3,2160,38727,"112328","HAZI BELAYET HOSSAIN COLLEGE"
13,9360,9823,"106732","SONAGAZI ISLAMIA FAZIL MADRASAH"
1,720,9808,"122057","SHIRATTI MOSTAFABIA MADRASAH"
5,3600,9790,"106693","SHALDHAR FAZIL MADRASAH"
4,2880,9661,"104080","PUKURIA ANSARUL UL. FAZIL MADRASAH"
2,1440,9553,"105562","NAYAIR FAZIL MADRASAH"
4,2880,3386,"119666","HAT KARAI DEGREE COLLEGE"
3,2160,248563,"110151","Hazrabari Serajul Huq College"
2,1440,3602,"109485","M.H KHAN DEGREE COLLEGE"
1,720,3666,"121892","MONGAL BARI MOYEZ MEMORIAL COLLEGE"
4,2880,3672,"125190","MOSHIUR   RAHMAN  DEGREE  COLLEGE"
3,2160,3690,"118383","MUNSHI MANIK MIAH DEGREE COLLEGE"
5,3600,8619,"119777","ALTA DIGHI FAZIL MADRASAH"
1,720,8920,"119644","DAMGARA SIDDIQUEYA FAZIL MADRASAH"
4,2880,9644,"128938","PIRDANGI S. I. FAZIL MADRASAH"
1,720,9637,"102542","PATUAKHALI NESARIA FAZIL MADRASAH"
2,1440,9585,"117026","NURANIA ISLAMIA FAZIL MADRASAH"
1,720,9600,"110124","PAILA BANIABARI FAZIL MADRASAH"
3,2160,9552,"122141","NAYACHAR ISLAMIA FAZIL MADRASAH"
3,2160,9531,"119230","NAMUJA S. S.I FAZIL MADRASAH"
3,2160,2912,"105667","A.B.M. GHULAM MOSTAFA ADARSHA DEGREE COLLEGE"
2,1440,2916,"126258","ABDUL  GANI COLLEGE"
4,2880,2923,"111665","ABDUR RAHAMAN DEGREE COLLEGE"
1,720,3097,"118902","BHALUKA CHANDPUR ADARSHA COLLEGE"
1,720,3773,"108335","PALLABI DEGREE COLLEGE"
1,720,3839,"128454","RAJAB ALI MEMORIAL SCIENCE COLLEGE"
12,8640,9801,"119774","SHERPUR SHAHIDIA KAMIL MADRASAH"
4,2880,9398,"122960","LALMONIRHAT NESARIA KAMIL MADRASAH"
17,12240,258701,"118261","GANGNI DEGREE COLLEGE"
6,4320,3441,"126151","JAGDAL COLLEGE"
8,5760,3477,"121611","JUMARBARI ADARSH DEGREE COLLEGE"
1,720,3495,"121943","KALAI  DEGREE  COLLEGE"
3,2160,3614,"114107","MAJOR GENERAL MAHMUDUL HASAN ADARSHA COLLEGE"
9,6480,3618,"101591","MANPURA DEGREE COLLEGE"
2,1440,3639,"113298","MIR MOSHARRAF HOSSAIN COLLEGE SONAPUR"
4,2880,35349,"107107","Ramganj Model College"
5,3600,34677,"122991","Shahed Abul Kashem College"
1,720,9825,"105157","SONAIMURI FAZIL MADRASAH"
1,720,9431,"118328","MAHERPUR DARUL ULUM AHMODIA FAZIL MADRASAH"
8,5760,9465,"117880","MIRPUR NAJMUL UL. SI. FAZIL MADRASAH"
3,2160,9067,"115522","GAZIPUR ROUFIA KAMIL MADRASAH"
8,5760,3565,NULL,NULL
2,1440,8908,NULL,NULL
2,1440,9280,NULL,NULL
10,7200,3404,NULL,NULL
3,2160,94453,NULL,NULL
2,1440,9261,NULL,NULL
1,720,2961,NULL,NULL
2,1440,9545,NULL,NULL
1,720,33210,NULL,NULL
4,2880,8753,NULL,NULL
48,34560,4029,NULL,NULL
4,2880,98715,NULL,NULL
4,2880,3647,NULL,NULL
1,720,8915,NULL,NULL
6,4320,9742,NULL,NULL
2,1440,3519,NULL,NULL
12,8640,9442,NULL,NULL
7,5040,3071,NULL,NULL
7,5040,9243,NULL,NULL
1,720,9586,NULL,NULL
4,2880,3239,NULL,NULL
1,720,44539,NULL,NULL
14,10080,101562,NULL,NULL
20,14400,222608,NULL,NULL
1,720,3140,NULL,NULL
15,10800,90377,NULL,NULL
2,1440,354472,NULL,NULL
4,2880,9627,NULL,NULL
4,2880,8810,NULL,NULL
5,3600,71809,NULL,NULL
5,3600,9416,NULL,NULL
2,1440,8997,NULL,NULL
1,720,3358,NULL,NULL
1,720,3949,NULL,NULL
14,10080,3704,NULL,NULL
8,5760,34041,NULL,NULL
6,4320,3322,NULL,NULL
10,7200,53784,NULL,NULL
14,10080,258632,NULL,NULL
2,1440,3367,NULL,NULL
1,720,3989,NULL,NULL
5,3600,39172,NULL,NULL
1,720,3715,NULL,NULL
1,720,9185,NULL,NULL
24,17280,92899,NULL,NULL
1,720,350657,NULL,NULL
28,20160,98350,NULL,NULL
1,720,3482,NULL,NULL
10,7200,3381,NULL,NULL
2,1440,33860,NULL,NULL
4,2880,9839,NULL,NULL
23,16560,34719,NULL,NULL
2,1440,8617,NULL,NULL
3,2160,58887,NULL,NULL
4,2880,4057,NULL,NULL
3,2160,9402,NULL,NULL
19,13680,3823,NULL,NULL
1,720,8647,NULL,NULL
2,1440,8761,NULL,NULL
17,12240,3924,NULL,NULL
4,2880,3142,NULL,NULL
2,1440,3685,NULL,NULL
1,720,3128,NULL,NULL
2,1440,3301,NULL,NULL
3,2160,8792,NULL,NULL
2,1440,3604,NULL,NULL
1,720,9325,NULL,NULL
8,5760,9670,NULL,NULL
2,1440,4010,NULL,NULL
7,5040,3835,NULL,NULL
56,40320,102753,NULL,NULL
1,720,3445,NULL,NULL
16,11520,3086,NULL,NULL
2,1440,8825,NULL,NULL
1,720,8874,NULL,NULL
3,2160,8935,NULL,NULL
4,2880,8799,NULL,NULL
1,720,9653,NULL,NULL
2,1440,43094,NULL,NULL
5,3600,3300,NULL,NULL
25,18000,33490,NULL,NULL
4,2880,9194,NULL,NULL
2,1440,4048,NULL,NULL
14,10080,4055,NULL,NULL
2,1440,9696,NULL,NULL
3,2160,3124,NULL,NULL
5,3600,35645,NULL,NULL
3,2160,9542,NULL,NULL
1,720,9254,NULL,NULL
9,6480,3510,NULL,NULL
1,720,9408,NULL,NULL
1,720,258048,NULL,NULL
8,5760,59795,NULL,NULL
5,3600,3335,NULL,NULL
2,1440,8888,NULL,NULL
1,720,258296,NULL,NULL
3,2160,9617,NULL,NULL
1,720,9440,NULL,NULL
2,1440,9866,NULL,NULL
1,720,3700,NULL,NULL
9,6480,4089,NULL,NULL
4,2880,9579,NULL,NULL
2,1440,8727,NULL,NULL
2,1440,3966,NULL,NULL
2,1440,9841,NULL,NULL
18,12960,3410,NULL,NULL
53,38160,35663,NULL,NULL
12,8640,3606,NULL,NULL
1,720,8995,NULL,NULL
8,5760,9253,NULL,NULL
2,1440,8722,NULL,NULL
2,1440,3408,NULL,NULL
2,1440,9356,NULL,NULL
3,2160,9417,NULL,NULL
3,2160,3242,NULL,NULL
1,720,9452,NULL,NULL
1,720,60543,NULL,NULL
11,7920,4056,NULL,NULL
62,44640,3492,NULL,NULL
6,4320,59525,NULL,NULL
4,2880,9271,NULL,NULL
1,720,9776,NULL,NULL
4,2880,9625,NULL,NULL
5,3600,9525,NULL,NULL
8,5760,3775,NULL,NULL
3,2160,3012,NULL,NULL
5,3600,9066,NULL,NULL
8,5760,3598,NULL,NULL
1,720,9328,NULL,NULL
4,2880,3027,NULL,NULL
3,2160,9543,NULL,NULL
5,3600,3926,NULL,NULL
10,7200,8876,NULL,NULL
37,26640,34147,NULL,NULL
8,5760,3048,NULL,NULL
3,2160,3491,NULL,NULL
77,55440,35804,NULL,NULL
3,2160,9358,NULL,NULL
3,2160,9902,NULL,NULL
4,2880,9857,NULL,NULL
4,2880,9094,NULL,NULL
7,5040,3733,NULL,NULL
1,720,375460,NULL,NULL
10,7200,60192,NULL,NULL
1,720,3853,NULL,NULL
3,2160,45595,NULL,NULL
3,2160,8805,NULL,NULL
8,5760,258079,NULL,NULL
4,2880,8585,NULL,NULL
2,1440,9781,NULL,NULL
39,28080,46296,NULL,NULL
21,15120,2979,NULL,NULL
1,720,2992,NULL,NULL
8,5760,61031,NULL,NULL
3,2160,9106,NULL,NULL
21,15120,9534,NULL,NULL
7,5040,2958,NULL,NULL
2,1440,99259,NULL,NULL
4,2880,9654,NULL,NULL
2,1440,9038,NULL,NULL
8,5760,34158,NULL,NULL
1,720,9339,NULL,NULL
3,2160,9836,NULL,NULL
1,720,9715,NULL,NULL
4,2880,3683,NULL,NULL
3,2160,9574,NULL,NULL
23,16560,3707,NULL,NULL
3,2160,59672,NULL,NULL
8,5760,3942,NULL,NULL
6,4320,9034,NULL,NULL
9,6480,8776,NULL,NULL
68,48960,35637,NULL,NULL
2,1440,9513,NULL,NULL
2,1440,8624,NULL,NULL
1,720,8962,NULL,NULL
16,11520,3912,NULL,NULL
1,720,8918,NULL,NULL
1,720,8869,NULL,NULL
1,720,9544,NULL,NULL
7,5040,34783,NULL,NULL
4,2880,4086,NULL,NULL
13,9360,35101,NULL,NULL
2,1440,9643,NULL,NULL
8,5760,39054,NULL,NULL
1,720,52568,NULL,NULL
1,720,3479,NULL,NULL
8,5760,2952,NULL,NULL
1,720,9065,NULL,NULL
1,720,9238,NULL,NULL
3,2160,9018,NULL,NULL
1,720,3847,NULL,NULL
3,2160,3432,NULL,NULL
4,2880,9456,NULL,NULL
15,10800,3521,NULL,NULL
9,6480,3862,NULL,NULL
1,720,3034,NULL,NULL
3,2160,9217,NULL,NULL
2,1440,74819,NULL,NULL
2,1440,3146,NULL,NULL
1,720,3663,NULL,NULL
13,9360,39827,NULL,NULL
4,2880,9734,NULL,NULL
1,720,9891,NULL,NULL
4,2880,3033,NULL,NULL
7,5040,3910,NULL,NULL
3,2160,90083,NULL,NULL
1,720,33447,NULL,NULL
4,2880,9357,NULL,NULL
23,16560,9782,NULL,NULL
18,12960,3777,NULL,NULL
24,17280,2928,NULL,NULL
8,5760,8644,NULL,NULL
1,720,8774,NULL,NULL
32,23040,3653,NULL,NULL
4,2880,3673,NULL,NULL
21,15120,3237,NULL,NULL
8,5760,90988,NULL,NULL
1,720,9060,NULL,NULL
6,4320,8646,NULL,NULL
6,4320,3443,NULL,NULL
3,2160,9772,NULL,NULL
15,10800,3915,NULL,NULL
19,13680,4016,NULL,NULL
2,1440,8638,NULL,NULL
3,2160,44851,NULL,NULL
1,720,8626,NULL,NULL
1,720,9680,NULL,NULL
3,2160,70494,NULL,NULL
1,720,3619,NULL,NULL
4,2880,58841,NULL,NULL
3,2160,9462,NULL,NULL
5,3600,9308,NULL,NULL
1,720,9169,NULL,NULL
6,4320,53042,NULL,NULL
2,1440,72691,NULL,NULL
4,2880,8903,NULL,NULL
4,2880,9651,NULL,NULL
1,720,35113,NULL,NULL
1,720,8889,NULL,NULL
20,14400,76577,NULL,NULL
2,1440,3681,NULL,NULL
3,2160,8978,NULL,NULL
15,10800,3407,NULL,NULL
9,6480,45266,NULL,NULL
4,2880,576220,NULL,NULL
19,13680,39188,NULL,NULL
5,3600,3929,NULL,NULL
19,13680,3316,NULL,NULL
1,720,3008,NULL,NULL
39,28080,9826,NULL,NULL
12,8640,4063,NULL,NULL
14,10080,3292,NULL,NULL
8,5760,80632,NULL,NULL
7,5040,40255,NULL,NULL
3,2160,9788,NULL,NULL
4,2880,9703,NULL,NULL
11,7920,69503,NULL,NULL
4,2880,9495,NULL,NULL
4,2880,9616,NULL,NULL
4,2880,8865,NULL,NULL
2,1440,102326,NULL,NULL
1,720,8724,NULL,NULL
7,5040,3024,NULL,NULL
1,720,9231,NULL,NULL
4,2880,8873,NULL,NULL
4,2880,8720,NULL,NULL
1,720,4023,NULL,NULL
1,720,3456,NULL,NULL
1,720,8852,NULL,NULL
43,30960,3172,NULL,NULL
18,12960,3219,NULL,NULL
8,5760,3228,NULL,NULL
1,720,3576,NULL,NULL
3,2160,3818,NULL,NULL
9,6480,9384,NULL,NULL
2,1440,8637,NULL,NULL
3,2160,41959,NULL,NULL
3,2160,9681,NULL,NULL
1,720,3881,NULL,NULL
11,7920,9175,NULL,NULL
2,1440,4043,NULL,NULL
5,3600,3329,NULL,NULL
5,3600,70997,NULL,NULL
4,2880,9909,NULL,NULL
7,5040,3943,NULL,NULL
7,5040,60282,NULL,NULL
2,1440,8992,NULL,NULL
6,4320,8963,NULL,NULL
4,2880,9501,NULL,NULL
3,2160,3520,NULL,NULL
18,12960,97225,NULL,NULL
6,4320,3164,NULL,NULL
2,1440,3437,NULL,NULL
16,11520,34135,NULL,NULL
1,720,3038,NULL,NULL
13,9360,35734,NULL,NULL
3,2160,3559,NULL,NULL
27,19440,3798,NULL,NULL
13,9360,8606,NULL,NULL
10,7200,90239,NULL,NULL
1,720,8780,NULL,NULL
1,720,3009,NULL,NULL
7,5040,40364,NULL,NULL
1,720,9022,NULL,NULL
115,82800,94351,NULL,NULL
21,15120,3136,NULL,NULL
9,6480,3965,NULL,NULL
9,6480,35158,NULL,NULL
5,3600,38746,NULL,NULL
12,8640,3630,NULL,NULL
29,20880,8945,NULL,NULL
2,1440,3210,NULL,NULL
1,720,9564,NULL,NULL
1,720,3424,NULL,NULL
20,14400,222011,NULL,NULL
27,19440,3222,NULL,NULL
6,4320,3993,NULL,NULL
25,18000,9807,NULL,NULL
1,720,9659,NULL,NULL
3,2160,3412,NULL,NULL
3,2160,9896,NULL,NULL
2,1440,3250,NULL,NULL
18,12960,3599,NULL,NULL
4,2880,9373,NULL,NULL
11,7920,3789,NULL,NULL
11,7920,3549,NULL,NULL
81,58320,33371,NULL,NULL
44,31680,34044,NULL,NULL
3,2160,8981,NULL,NULL
49,35280,248623,NULL,NULL
1,720,8723,NULL,NULL
20,14400,9563,NULL,NULL
7,5040,8719,NULL,NULL
2,1440,8999,NULL,NULL
7,5040,248543,NULL,NULL
9,6480,3829,NULL,NULL
9,6480,216704,NULL,NULL
2,1440,8973,NULL,NULL
2,1440,39404,NULL,NULL
7,5040,3621,NULL,NULL
1,720,94392,NULL,NULL
3,2160,343333,NULL,NULL
1,720,9292,NULL,NULL
6,4320,4005,NULL,NULL
5,3600,102426,NULL,NULL
2,1440,9817,NULL,NULL
6,4320,33326,NULL,NULL
6,4320,8861,NULL,NULL
2,1440,3451,NULL,NULL
22,15840,3770,NULL,NULL
9,6480,3378,NULL,NULL
3,2160,98304,NULL,NULL
6,4320,9573,NULL,NULL
1,720,70838,NULL,NULL
1,720,9490,NULL,NULL
4,2880,3774,NULL,NULL
2,1440,9650,NULL,NULL
21,15120,4077,NULL,NULL
1,720,9886,NULL,NULL
3,2160,35257,NULL,NULL
1,720,3298,NULL,NULL
2,1440,3731,NULL,NULL
11,7920,3932,NULL,NULL
3,2160,8863,NULL,NULL
3,2160,9581,NULL,NULL
7,5040,9754,NULL,NULL
8,5760,9255,NULL,NULL
3,2160,259117,NULL,NULL
2,1440,9532,NULL,NULL
2,1440,9444,NULL,NULL
5,3600,34797,NULL,NULL
5,3600,51308,NULL,NULL
2,1440,8955,NULL,NULL
8,5760,376380,NULL,NULL
3,2160,60111,NULL,NULL
10,7200,9766,NULL,NULL
2,1440,79945,NULL,NULL
1,720,4050,NULL,NULL
6,4320,33169,NULL,NULL
1,720,9733,NULL,NULL
2,1440,34753,NULL,NULL
2,1440,3822,NULL,NULL
10,7200,3865,NULL,NULL
6,4320,4040,NULL,NULL
2,1440,9266,NULL,NULL
1,720,8932,NULL,NULL
21,15120,45995,NULL,NULL
3,2160,9293,NULL,NULL
22,15840,2909,NULL,NULL
1,720,8629,NULL,NULL
7,5040,3506,NULL,NULL
28,20160,3709,NULL,NULL
6,4320,3000,NULL,NULL
5,3600,257694,NULL,NULL
7,5040,258720,NULL,NULL
22,15840,96178,NULL,NULL
30,21600,51159,NULL,NULL
2,1440,3197,NULL,NULL
2,1440,3783,NULL,NULL
2,1440,52394,NULL,NULL
1,720,258710,NULL,NULL
5,3600,3518,NULL,NULL
15,10800,3279,NULL,NULL
7,5040,33465,NULL,NULL
3,2160,9558,NULL,NULL
10,7200,3331,NULL,NULL
26,18720,3800,NULL,NULL
13,9360,3469,NULL,NULL
2,1440,9240,NULL,NULL
1,720,35177,NULL,NULL
5,3600,9912,NULL,NULL
1,720,2965,NULL,NULL
8,5760,3498,NULL,NULL
8,5760,9615,NULL,NULL
3,2160,9606,NULL,NULL
1,720,8857,NULL,NULL
2,1440,3747,NULL,NULL
30,21600,40399,NULL,NULL
4,2880,3527,NULL,NULL
1,720,9414,NULL,NULL
8,5760,3951,NULL,NULL
24,17280,3238,NULL,NULL
4,2880,9324,NULL,NULL
8,5760,2970,NULL,NULL
1,720,9764,NULL,NULL
1,720,9303,NULL,NULL
2,1440,9843,NULL,NULL
1,720,8980,NULL,NULL
6,4320,4067,NULL,NULL
1,720,9165,NULL,NULL
5,3600,8711,NULL,NULL
79,56880,34334,NULL,NULL
4,2880,35264,NULL,NULL
8,5760,3692,NULL,NULL
10,7200,9535,NULL,NULL
2,1440,8693,NULL,NULL
8,5760,8745,NULL,NULL
3,2160,3389,NULL,NULL
12,8640,3751,NULL,NULL
1,720,89342,NULL,NULL
9,6480,3571,NULL,NULL
5,3600,2933,NULL,NULL
22,15840,34355,NULL,NULL
4,2880,3958,NULL,NULL
4,2880,38648,NULL,NULL
3,2160,9173,NULL,NULL
5,3600,3674,NULL,NULL
2,1440,2956,NULL,NULL
24,17280,3141,NULL,NULL
3,2160,8831,NULL,NULL
1,720,9454,NULL,NULL
51,36720,54104,NULL,NULL
3,2160,3552,NULL,NULL
14,10080,52402,NULL,NULL
1,720,3516,NULL,NULL
6,4320,3953,NULL,NULL
10,7200,3383,NULL,NULL
13,9360,3355,NULL,NULL
23,16560,51426,NULL,NULL
3,2160,3644,NULL,NULL
8,5760,216540,NULL,NULL
21,15120,44752,NULL,NULL
1,720,9723,NULL,NULL
3,2160,2950,NULL,NULL
13,9360,60511,NULL,NULL
3,2160,9498,NULL,NULL
3,2160,3854,NULL,NULL
3,2160,9699,NULL,NULL
3,2160,9873,NULL,NULL
10,7200,8853,NULL,NULL
1,720,9041,NULL,NULL
18,12960,4037,NULL,NULL
3,2160,9063,NULL,NULL
1,720,3159,NULL,NULL
1,720,9418,NULL,NULL
7,5040,3524,NULL,NULL
4,2880,9283,NULL,NULL
1,720,9370,NULL,NULL
1,720,3359,NULL,NULL
8,5760,4087,NULL,NULL
6,4320,3069,NULL,NULL
2,1440,46222,NULL,NULL
3,2160,3723,NULL,NULL
3,2160,3303,NULL,NULL
2,1440,8838,NULL,NULL
13,9360,9366,NULL,NULL
12,8640,3844,NULL,NULL
46,33120,258899,NULL,NULL
3,2160,34137,NULL,NULL
18,12960,9113,NULL,NULL
6,4320,9082,NULL,NULL
18,12960,3569,NULL,NULL
9,6480,35118,NULL,NULL
10,7200,3706,NULL,NULL
6,4320,8767,NULL,NULL
2,1440,3899,NULL,NULL
18,12960,33418,NULL,NULL
9,6480,3147,NULL,NULL
10,7200,2977,NULL,NULL
4,2880,9017,NULL,NULL
3,2160,9859,NULL,NULL
14,10080,9671,NULL,NULL
14,10080,8746,NULL,NULL
2,1440,3391,NULL,NULL
20,14400,52618,NULL,NULL
6,4320,9878,NULL,NULL
7,5040,4032,NULL,NULL
9,6480,75384,NULL,NULL
2,1440,8614,NULL,NULL
4,2880,3632,NULL,NULL
7,5040,9085,NULL,NULL
12,8640,3241,NULL,NULL
2,1440,9567,NULL,NULL
18,12960,3439,NULL,NULL
2,1440,3938,NULL,NULL
1,720,2917,NULL,NULL
4,2880,3259,NULL,NULL
4,2880,3330,NULL,NULL
1,720,3446,NULL,NULL
1,720,9096,NULL,NULL
4,2880,98390,NULL,NULL
2,1440,3019,NULL,NULL
4,2880,4071,NULL,NULL
78,56160,73896,NULL,NULL
5,3600,9626,NULL,NULL
6,4320,3057,NULL,NULL
26,18720,3031,NULL,NULL
4,2880,9774,NULL,NULL
7,5040,259331,NULL,NULL
19,13680,3905,NULL,NULL
3,2160,9735,NULL,NULL
3,2160,9127,NULL,NULL
3,2160,9882,NULL,NULL
5,3600,4095,NULL,NULL
3,2160,76754,NULL,NULL
4,2880,8674,NULL,NULL
8,5760,226605,NULL,NULL
6,4320,3341,NULL,NULL
9,6480,34368,NULL,NULL
7,5040,75983,NULL,NULL
20,14400,34358,NULL,NULL
1,720,8937,NULL,NULL
15,10800,9809,NULL,NULL
2,1440,9739,NULL,NULL
13,9360,3231,NULL,NULL
68,48960,59879,NULL,NULL
1,720,966466,NULL,NULL
1,720,35726,NULL,NULL
4,2880,9388,NULL,NULL
8,5760,34786,NULL,NULL
5,3600,8690,NULL,NULL
26,18720,2953,NULL,NULL
6,4320,99486,NULL,NULL
1,720,9879,NULL,NULL
2,1440,8784,NULL,NULL
26,18720,3687,NULL,NULL
9,6480,9321,NULL,NULL
2,1440,3224,NULL,NULL
2,1440,8961,NULL,NULL
2,1440,8641,NULL,NULL
5,3600,45247,NULL,NULL
5,3600,3411,NULL,NULL
23,16560,101114,NULL,NULL
2,1440,9904,NULL,NULL
62,44640,3251,NULL,NULL
7,5040,3725,NULL,NULL
1,720,2967,NULL,NULL
1,720,9506,NULL,NULL
2,1440,9642,NULL,NULL
17,12240,3983,NULL,NULL
2,1440,9598,NULL,NULL
2,1440,9081,NULL,NULL
3,2160,3403,NULL,NULL
5,3600,3525,NULL,NULL
3,2160,3112,NULL,NULL
6,4320,3832,NULL,NULL
3,2160,3794,NULL,NULL
8,5760,3110,NULL,NULL
13,9360,2999,NULL,NULL
1,720,3980,NULL,NULL
5,3600,3921,NULL,NULL
5,3600,8942,NULL,NULL
1,720,8968,NULL,NULL
31,22320,76360,NULL,NULL
2,1440,9362,NULL,NULL
7,5040,3901,NULL,NULL
3,2160,8651,NULL,NULL
2,1440,9208,NULL,NULL
2,1440,8748,NULL,NULL
6,4320,8884,NULL,NULL
3,2160,9694,NULL,NULL
5,3600,9142,NULL,NULL
15,10800,51266,NULL,NULL
6,4320,9353,NULL,NULL
4,2880,9631,NULL,NULL
4,2880,9150,NULL,NULL
2,1440,3429,NULL,NULL
4,2880,8954,NULL,NULL
10,7200,531525,NULL,NULL
3,2160,3546,NULL,NULL
2,1440,3418,NULL,NULL
6,4320,3713,NULL,NULL
13,9360,3508,NULL,NULL
6,4320,59791,NULL,NULL
3,2160,3017,NULL,NULL
2,1440,3261,NULL,NULL
2,1440,3934,NULL,NULL
2,1440,3260,NULL,NULL
15,10800,35655,NULL,NULL
6,4320,3093,NULL,NULL
8,5760,9810,NULL,NULL
4,2880,54165,NULL,NULL
4,2880,3718,NULL,NULL
1,720,38729,NULL,NULL
4,2880,4042,NULL,NULL
19,13680,35057,NULL,NULL
10,7200,101698,NULL,NULL
35,25200,488857,NULL,NULL
26,18720,2914,NULL,NULL
5,3600,8993,NULL,NULL
6,4320,9278,NULL,NULL
5,3600,9305,NULL,NULL
1,720,3944,NULL,NULL
1,720,9246,NULL,NULL
8,5760,9802,NULL,NULL
6,4320,3623,NULL,NULL
2,1440,8796,NULL,NULL
23,16560,3880,NULL,NULL
1,720,9319,NULL,NULL
6,4320,53727,NULL,NULL
1,720,9326,NULL,NULL
29,20880,52069,NULL,NULL
68,48960,60697,NULL,NULL
3,2160,54196,NULL,NULL
5,3600,45519,NULL,NULL
2,1440,101722,NULL,NULL
5,3600,3263,NULL,NULL
14,10080,8611,NULL,NULL
24,17280,3741,NULL,NULL
5,3600,101330,NULL,NULL
2,1440,9080,NULL,NULL
5,3600,3908,NULL,NULL
27,19440,43017,NULL,NULL
15,10800,3343,NULL,NULL
1,720,9541,NULL,NULL
24,17280,33450,NULL,NULL
7,5040,3746,NULL,NULL
9,6480,3163,NULL,NULL
1,720,3444,NULL,NULL
6,4320,3981,NULL,NULL
1,720,95624,NULL,NULL
1,720,8618,NULL,NULL
25,18000,3513,NULL,NULL
3,2160,2957,NULL,NULL
1,720,4068,NULL,NULL
1,720,259406,NULL,NULL
1,720,9729,NULL,NULL
1,720,78566,NULL,NULL
8,5760,33220,NULL,NULL
1,720,4065,NULL,NULL
6,4320,57406,NULL,NULL
1,720,9151,NULL,NULL
11,7920,248504,NULL,NULL
3,2160,8893,NULL,NULL
13,9360,3939,NULL,NULL
2,1440,39033,NULL,NULL
4,2880,9677,NULL,NULL
1,720,9051,NULL,NULL
2,1440,2947,NULL,NULL
1,720,8787,NULL,NULL
8,5760,9086,NULL,NULL
12,8640,258261,NULL,NULL
8,5760,3453,NULL,NULL
3,2160,9403,NULL,NULL
3,2160,218274,NULL,NULL
13,9360,3922,NULL,NULL
11,7920,3815,NULL,NULL
49,35280,3627,NULL,NULL
2,1440,3035,NULL,NULL
4,2880,8685,NULL,NULL
1,720,9769,NULL,NULL
1,720,3129,NULL,NULL
2,1440,9119,NULL,NULL
2,1440,9037,NULL,NULL
2,1440,3615,NULL,NULL
15,10800,51621,NULL,NULL
8,5760,51338,NULL,NULL
6,4320,8770,NULL,NULL
1,720,8878,NULL,NULL
6,4320,3181,NULL,NULL
14,10080,60596,NULL,NULL
2,1440,8847,NULL,NULL
1,720,3101,NULL,NULL
18,12960,8622,NULL,NULL
4,2880,3131,NULL,NULL
47,33840,45702,NULL,NULL
14,10080,4007,NULL,NULL
5,3600,3248,NULL,NULL
11,7920,3346,NULL,NULL
3,2160,51324,NULL,NULL
18,12960,98382,NULL,NULL
3,2160,9149,NULL,NULL
13,9360,35110,NULL,NULL
15,10800,217049,NULL,NULL
2,1440,9481,NULL,NULL
1,720,8911,NULL,NULL
1,720,4052,NULL,NULL
1,720,60541,NULL,NULL
1,720,8654,NULL,NULL
1,720,216510,NULL,NULL
4,2880,259254,NULL,NULL
1,720,3855,NULL,NULL
16,11520,44394,NULL,NULL
5,3600,218238,NULL,NULL
1,720,3309,NULL,NULL
5,3600,3735,NULL,NULL
32,23040,3098,NULL,NULL
7,5040,9299,NULL,NULL
1,720,8795,NULL,NULL
4,2880,9445,NULL,NULL
5,3600,8691,NULL,NULL
2,1440,9008,NULL,NULL
7,5040,3180,NULL,NULL
4,2880,3184,NULL,NULL
5,3600,9341,NULL,NULL
30,21600,3344,NULL,NULL
3,2160,4088,NULL,NULL
2,1440,3660,NULL,NULL
2,1440,8667,NULL,NULL
5,3600,9218,NULL,NULL
7,5040,9183,NULL,NULL
4,2880,9497,NULL,NULL
7,5040,3336,NULL,NULL
3,2160,3540,NULL,NULL
3,2160,3616,NULL,NULL
1,720,53942,NULL,NULL
17,12240,9141,NULL,NULL
5,3600,3769,NULL,NULL
2,1440,9709,NULL,NULL
2,1440,9225,NULL,NULL
4,2880,3440,NULL,NULL
118,84960,38776,NULL,NULL
4,2880,3744,NULL,NULL
1,720,9107,NULL,NULL
2,1440,3752,NULL,NULL
9,6480,35203,NULL,NULL
4,2880,9112,NULL,NULL
1,720,9908,NULL,NULL
3,2160,3940,NULL,NULL
2,1440,3377,NULL,NULL
13,9360,3985,NULL,NULL
3,2160,8757,NULL,NULL
8,5760,60654,NULL,NULL
17,12240,89309,NULL,NULL
25,18000,13978,NULL,NULL
18,12960,3137,NULL,NULL
1,720,9664,NULL,NULL
6,4320,248646,NULL,NULL
1,720,9083,NULL,NULL
3,2160,9137,NULL,NULL
3,2160,3870,NULL,NULL
1,720,9698,NULL,NULL
1,720,3907,NULL,NULL
41,29520,40413,NULL,NULL
2,1440,3150,NULL,NULL
4,2880,3978,NULL,NULL
1,720,8916,NULL,NULL
2,1440,8830,NULL,NULL
3,2160,258233,NULL,NULL
4,2880,3643,NULL,NULL
1,720,9745,NULL,NULL
4,2880,9160,NULL,NULL
59,42480,3213,NULL,NULL
1,720,8668,NULL,NULL
10,7200,2944,NULL,NULL
3,2160,3006,NULL,NULL
1,720,9180,NULL,NULL
9,6480,9331,NULL,NULL
14,10080,3216,NULL,NULL
18,12960,43607,NULL,NULL
4,2880,44494,NULL,NULL
2,1440,3025,NULL,NULL
1,720,9393,NULL,NULL
2,1440,9778,NULL,NULL
5,3600,9466,NULL,NULL
1,720,259292,NULL,NULL
2,1440,95203,NULL,NULL
3,2160,9091,NULL,NULL
1,720,9222,NULL,NULL
10,7200,9288,NULL,NULL
2,1440,3558,NULL,NULL
3,2160,9795,NULL,NULL
3,2160,33594,NULL,NULL
8,5760,101182,NULL,NULL
2,1440,60955,NULL,NULL
33,23760,3698,NULL,NULL
4,2880,3991,NULL,NULL
6,4320,3827,NULL,NULL
7,5040,3073,NULL,NULL
6,4320,3999,NULL,NULL
9,6480,69362,NULL,NULL
72,51840,3431,NULL,NULL
7,5040,34883,NULL,NULL
31,22320,3977,NULL,NULL
6,4320,217095,NULL,NULL
22,15840,3848,NULL,NULL
3,2160,9310,NULL,NULL
3,2160,8688,NULL,NULL
2,1440,9453,NULL,NULL
2,1440,9477,NULL,NULL
6,4320,91160,NULL,NULL
4,2880,3913,NULL,NULL
3,2160,9287,NULL,NULL
16,11520,3664,NULL,NULL
3,2160,9269,NULL,NULL
21,15120,101327,NULL,NULL
2,1440,8595,NULL,NULL
2,1440,9914,NULL,NULL
4,2880,8612,NULL,NULL
9,6480,33883,NULL,NULL
2,1440,52786,NULL,NULL
5,3600,8702,NULL,NULL
9,6480,3918,NULL,NULL
75,54000,52602,NULL,NULL
27,19440,18760,NULL,NULL
22,15840,3052,NULL,NULL
1,720,4014,NULL,NULL
36,25920,3486,NULL,NULL
2,1440,3275,NULL,NULL
2,1440,8840,NULL,NULL
2,1440,8987,NULL,NULL
2,1440,3455,NULL,NULL
16,11520,34126,NULL,NULL
1,720,9239,NULL,NULL
3,2160,9125,NULL,NULL
3,2160,9296,NULL,NULL
1,720,3385,NULL,NULL
6,4320,34048,NULL,NULL
3,2160,3108,NULL,NULL
5,3600,8871,NULL,NULL
9,6480,94055,NULL,NULL
5,3600,3272,NULL,NULL
2,1440,3145,NULL,NULL
3,2160,9575,NULL,NULL
7,5040,52488,NULL,NULL
1,720,9635,NULL,NULL
2,1440,9812,NULL,NULL
1,720,35309,NULL,NULL
7,5040,3318,NULL,NULL
41,29520,3871,NULL,NULL
29,20880,3041,NULL,NULL
4,2880,8966,NULL,NULL
4,2880,9268,NULL,NULL
9,6480,3311,NULL,NULL
1,720,218390,NULL,NULL
9,6480,33368,NULL,NULL
23,16560,216856,NULL,NULL
3,2160,3795,NULL,NULL
5,3600,3205,NULL,NULL
2,1440,9775,NULL,NULL
24,17280,3195,NULL,NULL
11,7920,2987,NULL,NULL
5,3600,59975,NULL,NULL
4,2880,259445,NULL,NULL
8,5760,9259,NULL,NULL
3,2160,3312,NULL,NULL
17,12240,3828,NULL,NULL
135,97200,42422,NULL,NULL
19,13680,39013,NULL,NULL
2,1440,3937,NULL,NULL
6,4320,46156,NULL,NULL
1,720,9536,NULL,NULL
1,720,2931,NULL,NULL
7,5040,4053,NULL,NULL
1,720,3270,NULL,NULL
5,3600,3189,NULL,NULL
3,2160,3586,NULL,NULL
2,1440,9422,NULL,NULL
5,3600,3895,NULL,NULL
3,2160,98657,NULL,NULL
1,720,1146315,NULL,NULL
3,2160,9892,NULL,NULL
23,16560,33511,NULL,NULL
2,1440,9691,NULL,NULL
19,13680,33721,NULL,NULL
5,3600,3509,NULL,NULL
6,4320,3351,NULL,NULL
6,4320,9198,NULL,NULL
3,2160,9784,NULL,NULL
26,18720,35133,NULL,NULL
6,4320,9500,NULL,NULL
1,720,8689,NULL,NULL
1,720,3380,NULL,NULL
6,4320,9475,NULL,NULL
9,6480,8771,NULL,NULL
1,720,33650,NULL,NULL
4,2880,9619,NULL,NULL
7,5040,8851,NULL,NULL
2,1440,9333,NULL,NULL
5,3600,259358,NULL,NULL
2,1440,9367,NULL,NULL
21,15120,8927,NULL,NULL
1,720,9623,NULL,NULL
19,13680,35700,NULL,NULL
27,19440,38705,NULL,NULL
2,1440,9317,NULL,NULL
67,48240,4096,NULL,NULL
8,5760,9359,NULL,NULL
4,2880,44773,NULL,NULL
3,2160,9844,NULL,NULL
9,6480,97836,NULL,NULL
5,3600,8959,NULL,NULL
6,4320,4013,NULL,NULL
24,17280,259241,NULL,NULL
1,720,8940,NULL,NULL
4,2880,3925,NULL,NULL
4,2880,9757,NULL,NULL
11,7920,72549,NULL,NULL
5,3600,3434,NULL,NULL
2,1440,3849,NULL,NULL
20,14400,9188,NULL,NULL
3,2160,9374,NULL,NULL
3,2160,39728,NULL,NULL
4,2880,3589,NULL,NULL
4,2880,3948,NULL,NULL
8,5760,9522,NULL,NULL
7,5040,9046,NULL,NULL
5,3600,9524,NULL,NULL
1,720,33547,NULL,NULL
1,720,3626,NULL,NULL
3,2160,89835,NULL,NULL
2,1440,8813,NULL,NULL
6,4320,39426,NULL,NULL
1,720,9770,NULL,NULL
2,1440,8881,NULL,NULL
2,1440,75049,NULL,NULL
2,1440,3608,NULL,NULL
10,7200,3262,NULL,NULL
4,2880,9136,NULL,NULL
1,720,9712,NULL,NULL
1,720,95088,NULL,NULL
4,2880,101128,NULL,NULL
14,10080,40429,NULL,NULL
2,1440,9338,NULL,NULL
1,720,3973,NULL,NULL
37,26640,3541,NULL,NULL
24,17280,216668,NULL,NULL
12,8640,3342,NULL,NULL
4,2880,3190,NULL,NULL
3,2160,74341,NULL,NULL
3,2160,100598,NULL,NULL
2,1440,2910,NULL,NULL
2,1440,51715,NULL,NULL
2,1440,9144,NULL,NULL
4,2880,45828,NULL,NULL
45,32400,248519,NULL,NULL
6,4320,8931,NULL,NULL
8,5760,972787,NULL,NULL
18,12960,8885,NULL,NULL
1,720,59698,NULL,NULL
2,1440,51500,NULL,NULL
11,7920,102776,NULL,NULL
7,5040,248541,NULL,NULL
24,17280,35300,NULL,NULL
5,3600,361696,NULL,NULL
3,2160,45409,NULL,NULL
3,2160,8714,NULL,NULL
4,2880,8850,NULL,NULL
4,2880,3581,NULL,NULL
2,1440,8855,NULL,NULL
3,2160,8610,NULL,NULL
1,720,8586,NULL,NULL
8,5760,9628,NULL,NULL
45,32400,34750,NULL,NULL
17,12240,3371,NULL,NULL
2,1440,8697,NULL,NULL
4,2880,8859,NULL,NULL
1,720,3393,NULL,NULL
1,720,9884,NULL,NULL
1,720,8747,NULL,NULL
10,7200,3132,NULL,NULL
2,1440,3118,NULL,NULL
5,3600,3796,NULL,NULL
3,2160,3193,NULL,NULL
64,46080,53073,NULL,NULL
2,1440,9662,NULL,NULL
15,10800,3226,NULL,NULL
3,2160,1132618,NULL,NULL
4,2880,9039,NULL,NULL
1,720,98208,NULL,NULL
4,2880,3196,NULL,NULL
16,11520,3209,NULL,NULL
7,5040,3842,NULL,NULL
12,8640,9706,NULL,NULL
4,2880,9646,NULL,NULL
4,2880,8752,NULL,NULL
2,1440,9897,NULL,NULL
5,3600,9193,NULL,NULL
4,2880,35687,NULL,NULL
1,720,9124,NULL,NULL
7,5040,3232,NULL,NULL
3,2160,8607,NULL,NULL
110,79200,35335,NULL,NULL
6,4320,3959,NULL,NULL
1,720,51444,NULL,NULL
1,720,9329,NULL,NULL
8,5760,258963,NULL,NULL
5,3600,33826,NULL,NULL
5,3600,8763,NULL,NULL
4,2880,3364,NULL,NULL
3,2160,8600,NULL,NULL
21,15120,3793,NULL,NULL
12,8640,3201,NULL,NULL
2,1440,3729,NULL,NULL
18,12960,3931,NULL,NULL
25,18000,38797,NULL,NULL
15,10800,59063,NULL,NULL
2,1440,786308,NULL,NULL
2,1440,9396,NULL,NULL
18,12960,69729,NULL,NULL
20,14400,3171,NULL,NULL
7,5040,3200,NULL,NULL
2,1440,3085,NULL,NULL
2,1440,9768,NULL,NULL
7,5040,9591,NULL,NULL
17,12240,3072,NULL,NULL
12,8640,3340,NULL,NULL
1,720,3471,NULL,NULL
4,2880,2981,NULL,NULL
3,2160,98577,NULL,NULL
9,6480,8914,NULL,NULL
12,8640,3155,NULL,NULL
9,6480,3062,NULL,NULL
28,20160,3339,NULL,NULL
9,6480,8970,NULL,NULL
23,16560,3218,NULL,NULL
1,720,3782,NULL,NULL
3,2160,3373,NULL,NULL
1,720,3192,NULL,NULL
1,720,71104,NULL,NULL
3,2160,8621,NULL,NULL
2,1440,51364,NULL,NULL
1,720,3502,NULL,NULL
1,720,9336,NULL,NULL
5,3600,3776,NULL,NULL
50,36000,34401,NULL,NULL
5,3600,8849,NULL,NULL
20,14400,868774,NULL,NULL
5,3600,3036,NULL,NULL
1,720,9262,NULL,NULL
2,1440,259155,NULL,NULL
2,1440,9447,NULL,NULL
16,11520,257955,NULL,NULL
3,2160,9819,NULL,NULL
3,2160,33202,NULL,NULL
13,9360,3928,NULL,NULL
21,15120,9134,NULL,NULL
34,24480,33420,NULL,NULL
3,2160,9732,NULL,NULL
2,1440,8900,NULL,NULL
4,2880,8589,NULL,NULL
4,2880,9690,NULL,NULL
9,6480,3522,NULL,NULL
3,2160,9285,NULL,NULL
3,2160,9071,NULL,NULL
7,5040,3933,NULL,NULL
2,1440,3022,NULL,NULL
11,7920,4054,NULL,NULL
34,24480,3504,NULL,NULL
1,720,9547,NULL,NULL
17,12240,3742,NULL,NULL
2,1440,45461,NULL,NULL
2,1440,9323,NULL,NULL
23,16560,3365,NULL,NULL
2,1440,3399,NULL,NULL
5,3600,3897,NULL,NULL
8,5760,3526,NULL,NULL
25,18000,3276,NULL,NULL
2,1440,3425,NULL,NULL
4,2880,3927,NULL,NULL
4,2880,3575,NULL,NULL
1,720,3476,NULL,NULL
6,4320,2984,NULL,NULL
2,1440,3284,NULL,NULL
1,720,8880,NULL,NULL
4,2880,38661,NULL,NULL
14,10080,71277,NULL,NULL
11,7920,103302,NULL,NULL
4,2880,2935,NULL,NULL
33,23760,3701,NULL,NULL
8,5760,3957,NULL,NULL
2,1440,9423,NULL,NULL
1,720,3348,NULL,NULL
1,720,8741,NULL,NULL
1,720,3577,NULL,NULL
2,1440,2996,NULL,NULL
4,2880,9846,NULL,NULL
13,9360,3321,NULL,NULL
5,3600,9672,NULL,NULL
1,720,351173,NULL,NULL
37,26640,3963,NULL,NULL
5,3600,51358,NULL,NULL
7,5040,3198,NULL,NULL
3,2160,3734,NULL,NULL
3,2160,3474,NULL,NULL
3,2160,9584,NULL,NULL
2,1440,8765,NULL,NULL
22,15840,34118,NULL,NULL
1,720,258349,NULL,NULL
5,3600,3970,NULL,NULL
1,720,8800,NULL,NULL
1,720,3888,NULL,NULL
37,26640,98493,NULL,NULL
24,17280,3578,NULL,NULL
2,1440,8948,NULL,NULL
11,7920,3334,NULL,NULL
2,1440,9412,NULL,NULL
1,720,2964,NULL,NULL
8,5760,9448,NULL,NULL
6,4320,9276,NULL,NULL
7,5040,8587,NULL,NULL
5,3600,9434,NULL,NULL
3,2160,9286,NULL,NULL
3,2160,3646,NULL,NULL
42,30240,35819,NULL,NULL
2,1440,8643,NULL,NULL
2,1440,9629,NULL,NULL
3,2160,248252,NULL,NULL
3,2160,3969,NULL,NULL
24,17280,3175,NULL,NULL
7,5040,9898,NULL,NULL
10,7200,39461,NULL,NULL
1,720,8909,NULL,NULL
3,2160,3950,NULL,NULL
11,7920,3539,NULL,NULL
13,9360,34257,NULL,NULL
4,2880,8828,NULL,NULL
3,2160,3256,NULL,NULL
6,4320,3461,NULL,NULL
1,720,60034,NULL,NULL
3,2160,9658,NULL,NULL
6,4320,3211,NULL,NULL
14,10080,9468,NULL,NULL
2,1440,9164,NULL,NULL
1,720,9858,NULL,NULL
1,720,2994,NULL,NULL
2,1440,8735,NULL,NULL
9,6480,9001,NULL,NULL
4,2880,8639,NULL,NULL
6,4320,3462,NULL,NULL
1,720,3684,NULL,NULL
6,4320,3183,NULL,NULL
4,2880,9863,NULL,NULL
2,1440,9404,NULL,NULL
2,1440,9385,NULL,NULL
3,2160,44756,NULL,NULL
4,2880,4003,NULL,NULL
1,720,9851,NULL,NULL
24,17280,3015,NULL,NULL
5,3600,3212,NULL,NULL
3,2160,3119,NULL,NULL
15,10800,2985,NULL,NULL
5,3600,35032,NULL,NULL
5,3600,2913,NULL,NULL
7,5040,3151,NULL,NULL
3,2160,9214,NULL,NULL
5,3600,4017,NULL,NULL
1,720,3736,NULL,NULL
2,1440,9148,NULL,NULL
6,4320,44735,NULL,NULL
1,720,60156,NULL,NULL
2,1440,8766,NULL,NULL
1,720,8762,NULL,NULL
14,10080,42206,NULL,NULL
4,2880,98348,NULL,NULL
3,2160,98756,NULL,NULL
1,720,9509,NULL,NULL
8,5760,3634,NULL,NULL
6,4320,3113,NULL,NULL
2,1440,8721,NULL,NULL
3,2160,3188,NULL,NULL
15,10800,38658,NULL,NULL
22,15840,100703,NULL,NULL
1,720,9852,NULL,NULL
4,2880,9725,NULL,NULL
1,720,80604,NULL,NULL
23,16560,3877,NULL,NULL
1,720,9030,NULL,NULL
3,2160,33453,NULL,NULL
1,720,9419,NULL,NULL
5,3600,9235,NULL,NULL
22,15840,1107148,NULL,NULL
2,1440,233284,NULL,NULL
66,47520,39787,NULL,NULL
18,12960,3265,NULL,NULL
2,1440,3037,NULL,NULL
1,720,3064,NULL,NULL
15,10800,3105,NULL,NULL
19,13680,33324,NULL,NULL
1,720,365575,NULL,NULL
17,12240,41696,NULL,NULL
30,21600,3791,NULL,NULL
23,16560,4078,NULL,NULL
48,34560,3414,NULL,NULL
1,720,3601,NULL,NULL
1,720,33277,NULL,NULL
3,2160,9409,NULL,NULL
1,720,216949,NULL,NULL
5,3600,3583,NULL,NULL
4,2880,8989,NULL,NULL
3,2160,76872,NULL,NULL
42,30240,45348,NULL,NULL
1,720,34479,NULL,NULL
1,720,9109,NULL,NULL
16,11520,42794,NULL,NULL
2,1440,9887,NULL,NULL
1,720,3960,NULL,NULL
8,5760,8943,NULL,NULL
8,5760,9830,NULL,NULL
20,14400,3187,NULL,NULL
3,2160,4031,NULL,NULL
10,7200,3898,NULL,NULL
9,6480,3670,NULL,NULL
4,2880,3748,NULL,NULL
3,2160,3609,NULL,NULL
2,1440,8764,NULL,NULL
1,720,9848,NULL,NULL
2,1440,9726,NULL,NULL
4,2880,9835,NULL,NULL
17,12240,4051,NULL,NULL
4,2880,9893,NULL,NULL
3,2160,9612,NULL,NULL
11,7920,2971,NULL,NULL
2,1440,9566,NULL,NULL
4,2880,9036,NULL,NULL
3,2160,9791,NULL,NULL
20,14400,44794,NULL,NULL
3,2160,1308310,NULL,NULL
18,12960,94705,NULL,NULL
22,15840,3954,NULL,NULL
1,720,54124,NULL,NULL
1,720,9796,NULL,NULL
4,2880,9330,NULL,NULL
4,2880,3595,NULL,NULL
2,1440,3916,NULL,NULL
40,28800,44531,NULL,NULL
14,10080,3480,NULL,NULL
1,720,40755,NULL,NULL
9,6480,3743,NULL,NULL
2,1440,8956,NULL,NULL
1,720,8749,NULL,NULL
2,1440,9079,NULL,NULL
5,3600,3935,NULL,NULL
14,10080,3514,NULL,NULL
8,5760,3099,NULL,NULL
14,10080,3168,NULL,NULL
5,3600,9519,NULL,NULL
3,2160,3366,NULL,NULL
1,720,3538,NULL,NULL
3,2160,60735,NULL,NULL
2,1440,8682,NULL,NULL
2,1440,8623,NULL,NULL
2,1440,35156,NULL,NULL
4,2880,3485,NULL,NULL
1,720,3830,NULL,NULL
1,720,3320,NULL,NULL
8,5760,9226,NULL,NULL
7,5040,2932,NULL,NULL
5,3600,9291,NULL,NULL
9,6480,3732,NULL,NULL
2,1440,9595,NULL,NULL
3,2160,33576,NULL,NULL
3,2160,3894,NULL,NULL
15,10800,3688,NULL,NULL
16,11520,4073,NULL,NULL
1,720,9820,NULL,NULL
12,8640,9432,NULL,NULL
12,8640,4092,NULL,NULL
3,2160,3996,NULL,NULL
1,720,3638,NULL,NULL
23,16560,89432,NULL,NULL
3,2160,3714,NULL,NULL
8,5760,43562,NULL,NULL
8,5760,101712,NULL,NULL
2,1440,9174,NULL,NULL
2,1440,8781,NULL,NULL
3,2160,9290,NULL,NULL
2,1440,9126,NULL,NULL
6,4320,53706,NULL,NULL
3,2160,3771,NULL,NULL
32,23040,3817,NULL,NULL
2,1440,9158,NULL,NULL
4,2880,76255,NULL,NULL
107,77040,33437,NULL,NULL
1,720,9439,NULL,NULL
4,2880,9032,NULL,NULL
11,7920,3640,NULL,NULL
8,5760,100223,NULL,NULL
4,2880,9345,NULL,NULL
15,10800,3590,NULL,NULL
22,15840,4046,NULL,NULL
7,5040,8718,NULL,NULL
1,720,9514,NULL,NULL
22,15840,3622,NULL,NULL
10,7200,9343,NULL,NULL
5,3600,9693,NULL,NULL
1,720,9075,NULL,NULL
5,3600,3457,NULL,NULL
8,5760,258365,NULL,NULL
2,1440,8806,NULL,NULL
2,1440,9245,NULL,NULL
2,1440,9853,NULL,NULL
10,7200,3032,NULL,NULL
4,2880,3307,NULL,NULL
9,6480,3426,NULL,NULL
7,5040,80871,NULL,NULL
4,2880,9295,NULL,NULL
1,720,3283,NULL,NULL
3,2160,3534,NULL,NULL
9,6480,60227,NULL,NULL
1,720,9072,NULL,NULL
7,5040,9354,NULL,NULL
18,12960,39726,NULL,NULL
1,720,3562,NULL,NULL
1,720,8798,NULL,NULL
1,720,3515,NULL,NULL
3,2160,9147,NULL,NULL
2,1440,8891,NULL,NULL
3,2160,2972,NULL,NULL
13,9360,259388,NULL,NULL
2,1440,76175,NULL,NULL
2,1440,4069,NULL,NULL
4,2880,34386,NULL,NULL
4,2880,9033,NULL,NULL
2,1440,3964,NULL,NULL
30,21600,33479,NULL,NULL
6,4320,3850,NULL,NULL
2,1440,9110,NULL,NULL
3,2160,3088,NULL,NULL
1,720,9530,NULL,NULL
10,7200,3247,NULL,NULL
2,1440,9711,NULL,NULL
6,4320,34238,NULL,NULL
32,23040,33519,NULL,NULL
1,720,3465,NULL,NULL
25,18000,4026,NULL,NULL
83,59760,35017,NULL,NULL
8,5760,3579,NULL,NULL
6,4320,9157,NULL,NULL
1,720,80597,NULL,NULL
2,1440,248533,NULL,NULL
2,1440,3760,NULL,NULL
4,2880,9012,NULL,NULL
5,3600,76153,NULL,NULL
1,720,9386,NULL,NULL
2,1440,8983,NULL,NULL
1,720,4009,NULL,NULL
9,6480,3852,NULL,NULL
98,70560,33661,NULL,NULL
5,3600,1129080,NULL,NULL
10,7200,9347,NULL,NULL
1,720,9583,NULL,NULL
1,720,9002,NULL,NULL
6,4320,4022,NULL,NULL
31,22320,9813,NULL,NULL
1,720,72509,NULL,NULL
5,3600,9721,NULL,NULL
3,2160,9741,NULL,NULL
2,1440,9559,NULL,NULL
1,720,9533,NULL,NULL
7,5040,9762,NULL,NULL
9,6480,9702,NULL,NULL
6,4320,3536,NULL,NULL
1,720,8594,NULL,NULL
4,2880,9837,NULL,NULL
2,1440,3768,NULL,NULL
1,720,9464,NULL,NULL
112,80640,102622,NULL,NULL
7,5040,3337,NULL,NULL
14,10080,94258,NULL,NULL
1,720,3603,NULL,NULL
1,720,3813,NULL,NULL
5,3600,3807,NULL,NULL
11,7920,3158,NULL,NULL
4,2880,3689,NULL,NULL
18,12960,34997,NULL,NULL
1,720,95721,NULL,NULL
7,5040,9885,NULL,NULL
3,2160,3544,NULL,NULL
3,2160,3658,NULL,NULL
6,4320,2966,NULL,NULL
1,720,8779,NULL,NULL
1,720,3060,NULL,NULL
17,12240,44334,NULL,NULL
15,10800,3529,NULL,NULL
6,4320,3258,NULL,NULL
1,720,8686,NULL,NULL
36,25920,34339,NULL,NULL
1,720,8820,NULL,NULL
47,33840,39639,NULL,NULL
1,720,8790,NULL,NULL
1,720,9668,NULL,NULL
1,720,9472,NULL,NULL
1,720,8681,NULL,NULL
1,720,3269,NULL,NULL
15,10800,3087,NULL,NULL
2,1440,2959,NULL,NULL
3,2160,3056,NULL,NULL
419,301680,39186,NULL,NULL
2,1440,9407,NULL,NULL
11,7920,3886,NULL,NULL
4,2880,3220,NULL,NULL
7,5040,3096,NULL,NULL
1,720,8979,NULL,NULL
5,3600,9104,NULL,NULL
38,27360,3338,NULL,NULL
1,720,9168,NULL,NULL
7,5040,3107,NULL,NULL
17,12240,3227,NULL,NULL
2,1440,3481,NULL,NULL
6,4320,52525,NULL,NULL
1,720,3234,NULL,NULL
6,4320,76666,NULL,NULL
16,11520,3885,NULL,NULL
2,1440,9314,NULL,NULL
7,5040,3130,NULL,NULL
1,720,8862,NULL,NULL
1,720,9805,NULL,NULL
1,720,9318,NULL,NULL
10,7200,3148,NULL,NULL
2,1440,3362,NULL,NULL
1,720,3499,NULL,NULL
4,2880,3749,NULL,NULL
1,720,3375,NULL,NULL
4,2880,3867,NULL,NULL
4,2880,9854,NULL,NULL
2,1440,3435,NULL,NULL
19,13680,52535,NULL,NULL
1,720,9437,NULL,NULL
2,1440,3566,NULL,NULL
8,5760,3587,NULL,NULL
5,3600,35769,NULL,NULL
3,2160,9031,NULL,NULL
4,2880,9773,NULL,NULL
1,720,52958,NULL,NULL
4,2880,8812,NULL,NULL
1,720,9667,NULL,NULL
7,5040,9306,NULL,NULL
2,1440,3779,NULL,NULL
23,16560,3020,NULL,NULL
2,1440,259184,NULL,NULL
2,1440,9365,NULL,NULL
1,720,9717,NULL,NULL
1,720,9633,NULL,NULL
6,4320,3156,NULL,NULL
3,2160,8941,NULL,NULL
2,1440,9816,NULL,NULL
8,5760,3002,NULL,NULL
2,1440,343649,NULL,NULL
3,2160,3792,NULL,NULL
3,2160,3409,NULL,NULL
11,7920,35659,NULL,NULL
5,3600,33561,NULL,NULL
1,720,9043,NULL,NULL
2,1440,9073,NULL,NULL
1,720,59730,NULL,NULL
1,720,9297,NULL,NULL
4,2880,8628,NULL,NULL
18,12960,40148,NULL,NULL
11,7920,34789,NULL,NULL
16,11520,98085,NULL,NULL
1,720,44441,NULL,NULL
2,1440,9596,NULL,NULL
1,720,4058,NULL,NULL
11,7920,3369,NULL,NULL
2,1440,9380,NULL,NULL
24,17280,3094,NULL,NULL
11,7920,45216,NULL,NULL
6,4320,3043,NULL,NULL
5,3600,9743,NULL,NULL
2,1440,2924,NULL,NULL
4,2880,3930,NULL,NULL
1,720,93106,NULL,NULL
6,4320,3217,NULL,NULL
49,35280,234377,NULL,NULL
2,1440,9856,NULL,NULL
30,21600,3422,NULL,NULL
15,10800,9649,NULL,NULL
8,5760,3143,NULL,NULL
28,20160,259243,NULL,NULL
11,7920,60253,NULL,NULL
5,3600,777318,NULL,NULL
1,720,8658,NULL,NULL
9,6480,2995,NULL,NULL
1,720,102282,NULL,NULL
1,720,2908,NULL,NULL
76,54720,3398,NULL,NULL
7,5040,3392,NULL,NULL
1,720,9901,NULL,NULL
2,1440,3076,NULL,NULL
7,5040,9656,NULL,NULL
4,2880,9044,NULL,NULL
3,2160,9528,NULL,NULL
3,2160,9241,NULL,NULL
9,6480,3763,NULL,NULL
4,2880,3806,NULL,NULL
12,8640,3501,NULL,NULL
10,7200,8957,NULL,NULL
7,5040,3472,NULL,NULL
23,16560,4066,NULL,NULL
9,6480,3160,NULL,NULL
1,720,9829,NULL,NULL
4,2880,9512,NULL,NULL
6,4320,9375,NULL,NULL
24,17280,35038,NULL,NULL
11,7920,3710,NULL,NULL
10,7200,44563,NULL,NULL
1,720,9832,NULL,NULL
1,720,9665,NULL,NULL
2,1440,9624,NULL,NULL
6,4320,9410,NULL,NULL
3,2160,9387,NULL,NULL
1,720,8934,NULL,NULL
1,720,8684,NULL,NULL
2,1440,9250,NULL,NULL
2,1440,3194,NULL,NULL
1,720,35220,NULL,NULL
6,4320,9915,NULL,NULL
6,4320,9822,NULL,NULL
13,9360,3121,NULL,NULL
4,2880,9092,NULL,NULL
4,2880,3233,NULL,NULL
4,2880,9905,NULL,NULL
1,720,9753,NULL,NULL
3,2160,9443,NULL,NULL
2,1440,8886,NULL,NULL
7,5040,3902,NULL,NULL
1,720,3152,NULL,NULL
37,26640,28646,NULL,NULL
3,2160,8895,NULL,NULL
6,4320,3046,NULL,NULL
6,4320,4015,NULL,NULL
4,2880,3755,NULL,NULL
1,720,9814,NULL,NULL
1,720,44481,NULL,NULL
123,88560,4036,NULL,NULL
5,3600,39616,NULL,NULL
3,2160,9005,NULL,NULL
3,2160,9401,NULL,NULL
43,30960,34080,NULL,NULL
6,4320,8786,NULL,NULL
3,2160,9189,NULL,NULL
5,3600,8676,NULL,NULL
7,5040,8712,NULL,NULL
20,14400,4047,NULL,NULL
3,2160,71492,NULL,NULL
3,2160,8938,NULL,NULL
5,3600,2986,NULL,NULL
4,2880,248475,NULL,NULL
3,2160,3799,NULL,NULL
10,7200,60784,NULL,NULL
8,5760,3785,NULL,NULL
9,6480,3271,NULL,NULL
3,2160,52900,NULL,NULL
5,3600,3447,NULL,NULL
3,2160,8694,NULL,NULL
5,3600,8596,NULL,NULL
4,2880,3610,NULL,NULL
9,6480,9025,NULL,NULL
1,720,3428,NULL,NULL
3,2160,9488,NULL,NULL
2,1440,9607,NULL,NULL
25,18000,3607,NULL,NULL
1,720,9710,NULL,NULL
5,3600,8898,NULL,NULL
1,720,8778,NULL,NULL
6,4320,8858,NULL,NULL
6,4320,51188,NULL,NULL
3,2160,3186,NULL,NULL
2,1440,51360,NULL,NULL
4,2880,3059,NULL,NULL
6,4320,259355,NULL,NULL
11,7920,2943,NULL,NULL
9,6480,3620,NULL,NULL
16,11520,4060,NULL,NULL
4,2880,8843,NULL,NULL
7,5040,8817,NULL,NULL
27,19440,45301,NULL,NULL
2,1440,9201,NULL,NULL
9,6480,33788,NULL,NULL
1,720,3676,NULL,NULL
1,720,9161,NULL,NULL
14,10080,3295,NULL,NULL
52,37440,33481,NULL,NULL
14,10080,71039,NULL,NULL
4,2880,9248,NULL,NULL
1,720,9724,NULL,NULL
1,720,9577,NULL,NULL
5,3600,34874,NULL,NULL
1,720,8673,NULL,NULL
5,3600,69602,NULL,NULL
3,2160,9120,NULL,NULL
2,1440,2915,NULL,NULL
6,4320,3051,NULL,NULL
9,6480,3374,NULL,NULL
1,720,3353,NULL,NULL
2,1440,3836,NULL,NULL
1,720,33946,NULL,NULL
15,10800,46246,NULL,NULL
26,18720,4030,NULL,NULL
1,720,3645,NULL,NULL
8,5760,41793,NULL,NULL
2,1440,33975,NULL,NULL
4,2880,3044,NULL,NULL
3,2160,3080,NULL,NULL
1,720,9360,NULL,NULL
25,18000,33173,NULL,NULL
3,2160,51069,NULL,NULL
4,2880,9351,NULL,NULL
1,720,51542,NULL,NULL
16,11520,9638,NULL,NULL
14,10080,3347,NULL,NULL
1,720,3628,NULL,NULL
4,2880,9907,NULL,NULL
16,11520,258647,NULL,NULL
5,3600,3764,NULL,NULL
3,2160,9047,NULL,NULL
19,13680,3878,NULL,NULL
8,5760,8939,NULL,NULL
9,6480,9876,NULL,NULL
40,28800,40589,NULL,NULL
6,4320,9666,NULL,NULL
16,11520,40532,NULL,NULL
2,1440,3722,NULL,NULL
11,7920,3308,NULL,NULL
3,2160,9744,NULL,NULL
9,6480,8632,NULL,NULL
11,7920,40332,NULL,NULL
2,1440,9050,NULL,NULL
6,4320,3740,NULL,NULL
3,2160,2991,NULL,NULL
5,3600,3003,NULL,NULL
1,720,9381,NULL,NULL
9,6480,52058,NULL,NULL
15,10800,3215,NULL,NULL
2,1440,9376,NULL,NULL
2,1440,3063,NULL,NULL
12,8640,102284,NULL,NULL
2,1440,3066,NULL,NULL
4,2880,8953,NULL,NULL
22,15840,34694,NULL,NULL
1,720,2993,NULL,NULL
1,720,8921,NULL,NULL
1,720,9900,NULL,NULL
2,1440,3547,NULL,NULL
3,2160,3728,NULL,NULL
3,2160,9865,NULL,NULL
16,11520,44714,NULL,NULL
1,720,3083,NULL,NULL
24,17280,35338,NULL,NULL
2,1440,9910,NULL,NULL
24,17280,3945,NULL,NULL
7,5040,9811,NULL,NULL
2,1440,8738,NULL,NULL
34,24480,59688,NULL,NULL
2,1440,9007,NULL,NULL
3,2160,3694,NULL,NULL
3,2160,3264,NULL,NULL
2,1440,51362,NULL,NULL
3,2160,9178,NULL,NULL
1,720,216788,NULL,NULL
6,4320,9215,NULL,NULL
7,5040,3166,NULL,NULL
7,5040,35036,NULL,NULL
1,720,9205,NULL,NULL
5,3600,8856,NULL,NULL
12,8640,3039,NULL,NULL
1,720,3512,NULL,NULL
45,32400,343784,NULL,NULL
3,2160,3659,NULL,NULL
6,4320,3494,NULL,NULL
26,18720,39004,NULL,NULL
20,14400,8708,NULL,NULL
4,2880,8756,NULL,NULL
106,76320,102306,NULL,NULL
5,3600,3167,NULL,NULL
5,3600,33659,NULL,NULL
14,10080,46357,NULL,NULL
6,4320,3986,NULL,NULL
2,1440,9593,NULL,NULL
2,1440,3405,NULL,NULL
6,4320,3811,NULL,NULL
2,1440,9679,NULL,NULL
1,720,9234,NULL,NULL
2,1440,9153,NULL,NULL
23,16560,34667,NULL,NULL
2,1440,9713,NULL,NULL
13,9360,9115,NULL,NULL
5,3600,3345,NULL,NULL
5,3600,60761,NULL,NULL
5,3600,8867,NULL,NULL
4,2880,3719,NULL,NULL
2,1440,3762,NULL,NULL
1,720,9804,NULL,NULL
1,720,3448,NULL,NULL
2,1440,9881,NULL,NULL
8,5760,39091,NULL,NULL
1,720,42469,NULL,NULL
